count,mean,median,mode,min,max,range,variance,std_dev
172,0.48773041903966874,0.47563828078845216,,0.002259233518513537,0.9951381603385585,0.992878926820045,0.08434406575011656,0.2904204981576138
