count,mean,median,mode,min,max,range,variance,std_dev
22,5.545454545454546,5.5,,2.0,8.0,6.0,2.2479338842975207,1.4993111365882401
