count,mean,median,mode,min,max,range,variance,std_dev
22,0.43124184720540804,0.4053778551527978,,-2.5529898158340787,2.240893199201458,4.7938830150355365,1.0814862748757288,1.039945323022191
