count,mean,median,mode,min,max,range,variance,std_dev
22,2.0,1.5,,0.0,7.0,7.0,3.1818181818181817,1.7837651700316894
