count,mean,median,mode,min,max,range,variance,std_dev
22,0.6094942453137017,0.62432874456915,,0.02021839744032572,0.978618342232764,0.9583999447924383,0.07774643405177989,0.27883047547171
